{
  "prediction_date": "2025-09-14T14:07:33.400918",
  "forecast_period_days": 16,
  "total_predicted_kwh": 88.14,
  "daily_average_kwh": 5.86,
  "max_daily_kwh": 6.84,
  "min_daily_kwh": 0.06,
  "model_used": "RandomForest",
  "model_performance": {
    "mae": 0.019390177832792017,
    "mse": 0.0008920888882420705,
    "r2": 0.9795861785562634
  }
}